chemical,mesh,candidate_pairs,cid_positive,cid_rate,odds_ratio,p,q_bh
pilocarpine,D010862,97,47,0.485,3.96,8.945448055043258e-11,6.270759086585324e-08
Suxamethonium,D013390,46,27,0.587,5.96,4.32561182187063e-09,1.5161269435656558e-06
puromycin aminonucleoside,D011692,61,32,0.525,4.63,7.487363880030824e-09,1.7495473599672025e-06
haloperidol,D006220,76,36,0.474,3.78,2.959121575470456e-08,5.185860561011974e-06
adriamycin,D004317,251,84,0.335,2.13,7.297492015454811e-08,1.0231083805667646e-05
13-cis-retinoic acid,D015474,23,15,0.652,7.84,1.9525053637126414e-06,0.00022811770999376027
cocaine,D003042,169,58,0.343,2.2,2.994296823995665e-06,0.00029985743908870875
Indomethacin,D007213,30,17,0.567,5.47,6.455941275592232e-06,0.000502846092687795
isoprenaline,D007545,67,29,0.433,3.2,6.24856466570573e-06,0.000502846092687795
indocyanine green,D007208,7,7,1.0,inf,1.0125497567909026e-05,0.0007097973795104227
vincristin,D014750,38,19,0.5,4.19,2.092464584284322e-05,0.0013334706123484634
amiodarone,D000638,102,37,0.363,2.39,4.6107164297634624e-05,0.0024862401671262974
scopolamine,D012601,46,21,0.457,3.52,4.475001949301797e-05,0.0024862401671262974
carbetocin,C020731,6,6,1.0,inf,5.239212439318074e-05,0.0025458174071953036
venlafaxine,C047426,17,11,0.647,7.66,5.447540814255286e-05,0.0025458174071953036
heparin,D006493,114,39,0.342,2.18,0.00012749833692598863,0.005586020886569877
cytosine arabinoside,D003561,33,16,0.485,3.94,0.00014970193860804244,0.005776421548257844
alpha-methyldopa,D008750,30,15,0.5,4.18,0.0001553942356190083,0.005776421548257844
carbachol,D002217,27,14,0.519,4.5,0.00015656492070884314,0.005776421548257844
valproic acid,D014635,79,29,0.367,2.43,0.00023206196067997197,0.008133771721833017
nicotine,D009538,31,15,0.484,3.92,0.0002474412017193772,0.008259822971680163
desvenlafaxine,C086816,5,5,1.0,inf,0.0002710210407777105,0.008260249981964134
troleandomycin,D014217,5,5,1.0,inf,0.0002710210407777105,0.008260249981964134
sulphasalazine,D012460,45,19,0.422,3.06,0.0003586244312867583,0.010474821930500733
dexamethasone,D003907,89,31,0.348,2.24,0.00042209872332178683,0.011835648201942902
carboplatin,D016190,67,25,0.373,2.49,0.0004591561607565338,0.012379556488089622
lithium,D008094,91,31,0.341,2.16,0.000652077209742108,0.015291822999552757
ifosfamide,D007069,54,21,0.389,2.66,0.0006797730414335086,0.015291822999552757
ketoconazole,D007654,21,11,0.524,4.6,0.0007198718387806576,0.015291822999552757
ciprofloxacin,D002939,21,11,0.524,4.6,0.0007198718387806576,0.015291822999552757
phenylpropanolamine,D010665,18,10,0.556,5.22,0.0006893580320883159,0.015291822999552757
carbamazepine,D002220,61,23,0.377,2.53,0.0006442219029209084,0.015291822999552757
etomidate,D005045,15,9,0.6,6.26,0.0006056806398592299,0.015291822999552757
tranylcypromine,D014191,13,8,0.615,6.68,0.0009870220893685078,0.020350073077862466
Mitomycin C,D016685,19,10,0.526,4.64,0.0012037918428643077,0.021637386714048197
MDMA,D018817,19,10,0.526,4.64,0.0012037918428643077,0.021637386714048197
Caffeine,D002110,45,18,0.4,2.79,0.0010971188843322266,0.021637386714048197
morphine,D009020,86,29,0.337,2.13,0.0011511058246254774,0.021637386714048197
nitroprusside,D009599,19,10,0.526,4.64,0.0012037918428643077,0.021637386714048197
aponidine hydrochloride,C016986,6,5,0.833,20.86,0.001364165622700359,0.02276857384554647
telmisartan,C084178,6,5,0.833,20.86,0.001364165622700359,0.02276857384554647
Ticlopidine,D013988,6,5,0.833,20.86,0.001364165622700359,0.02276857384554647
capsaicin,D002211,36,15,0.417,2.99,0.001725747433494053,0.028133696532077472
amlodipine,D017311,20,10,0.5,4.18,0.0019924058531680714,0.031742647797064046
paclitaxel,D017239,74,25,0.338,2.13,0.0023726778501916464,0.03696104828854098
picrotoxin,D010852,9,6,0.667,8.35,0.002562425011023576,0.03904912897233754
Oral contraceptives,D003276,34,14,0.412,2.93,0.002784528466052816,0.04153094584474519
Nitrofurantoins,D009582,12,7,0.583,5.84,0.003198059011605407,0.04575182381908959
Sulfonamides,D013449,12,7,0.583,5.84,0.003198059011605407,0.04575182381908959
PTZ,D010433,28,12,0.429,3.13,0.003719535111586323,0.05214788226444025
PEG-asparaginase,C042705,7,5,0.714,10.43,0.004009599966089229,0.05511234463193235
reserpine,D012110,16,8,0.5,4.17,0.005667008273880218,0.06697907505951353
S-23121,C083440,5,4,0.8,16.69,0.005923969548772952,0.06697907505951353
S-53482,C106487,5,4,0.8,16.69,0.005923969548772952,0.06697907505951353
mefloquine,D015767,5,4,0.8,16.69,0.005923969548772952,0.06697907505951353
cyclooxygenase inhibitors,D016861,5,4,0.8,16.69,0.005923969548772952,0.06697907505951353
atracurium,D001279,5,4,0.8,16.69,0.005923969548772952,0.06697907505951353
hydrochlorothiazide,D006852,10,6,0.6,6.26,0.005358340749394536,0.06697907505951353
streptozotocin,D013311,47,17,0.362,2.37,0.005182139324285814,0.06697907505951353
pentazocine,D010423,5,4,0.8,16.69,0.005923969548772952,0.06697907505951353
ouabain,D010042,19,9,0.474,3.76,0.0052849391462676575,0.06697907505951353
epsilon-aminocaproic acid,D015119,19,9,0.474,3.76,0.0052849391462676575,0.06697907505951353
propofol,D015742,37,14,0.378,2.54,0.006848981990572246,0.074662917390099
paracetamol,D000082,100,30,0.3,1.79,0.00692309505043714,0.074662917390099
fluoxetine,D005473,37,14,0.378,2.54,0.006848981990572246,0.074662917390099
rifampin,D012293,30,12,0.4,2.78,0.007222323167038208,0.07670982636505733
Bupropion,D016642,20,9,0.45,3.42,0.007978830022440035,0.08225235067250683
Thalidomide,D013792,45,16,0.356,2.31,0.007943244053692528,0.08225235067250683
danazol,D003613,8,5,0.625,6.95,0.008988867143192638,0.08874923756870477
combination of amoxicillin and clavulanic acid,D019980,8,5,0.625,6.95,0.008988867143192638,0.08874923756870477
nicergoline,D009530,8,5,0.625,6.95,0.008988867143192638,0.08874923756870477
dexmedetomidine,D020927,14,7,0.5,4.17,0.009642231621672359,0.09387783842767117
cyclophosphamide,D003520,141,39,0.277,1.6,0.010308095607087252,0.09898595918586525
Methamphetamine,D008694,54,18,0.333,2.09,0.010626426937024595,0.10066385517370596
tacrolimus,D016559,125,35,0.28,1.63,0.011979494319619885,0.11196834024071385
D-penicillamine,D010396,47,16,0.34,2.16,0.012540232116689328,0.11566714097104236
gentamicin,D005839,51,17,0.333,2.09,0.012829589437249468,0.11679924929236205
timolol,D013999,18,8,0.444,3.34,0.013353519133020578,0.12001047323394134
tamoxifen,D013629,25,10,0.4,2.78,0.013784030365238448,0.12231145931686269
prostaglandin E1,D000527,6,4,0.667,8.34,0.015043577400918131,0.12451443548670044
Calcium carbonate,D002119,15,7,0.467,3.65,0.015098041392823875,0.12451443548670044
metronidazole,D008795,6,4,0.667,8.34,0.015043577400918131,0.12451443548670044
N-butyl-deoxynojirimycin,C059896,6,4,0.667,8.34,0.015043577400918131,0.12451443548670044
trimethaphan,D014294,6,4,0.667,8.34,0.015043577400918131,0.12451443548670044
diethylstilbestrol,D004054,15,7,0.467,3.65,0.015098041392823875,0.12451443548670044
zidovudine,D015215,64,20,0.312,1.9,0.01564010761954492,0.12601971771610332
ethambutol,D004977,29,11,0.379,2.55,0.015488257086005265,0.12601971771610332
aconitine,D000157,9,5,0.556,5.21,0.017021919808403962,0.12830500844829223
hepatitis B virus e antigen,D006513,12,6,0.5,4.17,0.016540351590261314,0.12830500844829223
kanamycin,D007612,9,5,0.556,5.21,0.017021919808403962,0.12830500844829223
clioquinol,D007464,9,5,0.556,5.21,0.017021919808403962,0.12830500844829223
amisulpride,C012052,12,6,0.5,4.17,0.016540351590261314,0.12830500844829223
CI-921,C042315,12,6,0.5,4.17,0.016540351590261314,0.12830500844829223
disulfiram,D004221,26,10,0.385,2.61,0.01859365783707736,0.13866121429565137
carbimazole,D002231,19,8,0.421,3.04,0.01922157730520454,0.14183500727314086
fentanyl,D005283,42,14,0.333,2.09,0.022761404044485296,0.166205669116502
calcium channel blockers,D002121,13,6,0.462,3.58,0.02576556544972949,0.184302667145514
bepridil,D015764,13,6,0.462,3.58,0.02576556544972949,0.184302667145514
Isoniazid,D007538,31,11,0.355,2.3,0.02606496319448665,0.18456100201348627
bortezomib,C400082,20,8,0.4,2.78,0.026716742160380863,0.18728436254426983
propylthiouracil,D011441,35,12,0.343,2.18,0.027064859193376825,0.18784620093620943
carrageenan,D002351,10,5,0.5,4.17,0.028685498867413377,0.19522849229181335
All- trans-retinoic acid,D014212,10,5,0.5,4.17,0.028685498867413377,0.19522849229181335
8-[(4-amino-l-methylbutyl)amino]- 5-(l-hexyloxy)-6-methoxy-4-methylquinoline,C068820,7,4,0.571,5.56,0.029755547314023335,0.2005638333377919
everolimus,C107135,28,10,0.357,2.32,0.03170912230330101,0.2116961403296572
5-fluorouracil,D005472,108,29,0.269,1.53,0.03546406625948455,0.23453123064055345
desipramine,D003891,21,8,0.381,2.57,0.03601873036898287,0.23597317746408406
contrast medium,D003287,25,9,0.36,2.35,0.038664990247718925,0.25096442744121267
chloroquine,D002738,33,11,0.333,2.09,0.041054620826162645,0.26403017613889923
lindane,D001556,15,6,0.4,2.78,0.05303141543940463,0.2883816045871694
benztropine,D001590,5,3,0.6,6.25,0.05306879742046341,0.2883816045871694
L-dopa,D007980,133,34,0.256,1.44,0.0471563398424584,0.2883816045871694
lopinavir/ritonavir,C558899,5,3,0.6,6.25,0.05306879742046341,0.2883816045871694
phenacetin,D010615,8,4,0.5,4.17,0.050522227484854035,0.2883816045871694
Pemoline,D010389,5,3,0.6,6.25,0.05306879742046341,0.2883816045871694
phosphorus,D010758,5,3,0.6,6.25,0.05306879742046341,0.2883816045871694
Sulpiride,D013469,5,3,0.6,6.25,0.05306879742046341,0.2883816045871694
streptomycin,D013307,5,3,0.6,6.25,0.05306879742046341,0.2883816045871694
Tacrine,D013619,5,3,0.6,6.25,0.05306879742046341,0.2883816045871694
pimecrolimus,C117268,5,3,0.6,6.25,0.05306879742046341,0.2883816045871694
prilocaine,D011318,5,3,0.6,6.25,0.05306879742046341,0.2883816045871694
2-chloroprocaine-CE,C004616,5,3,0.6,6.25,0.05306879742046341,0.2883816045871694
mazindol,D008454,5,3,0.6,6.25,0.05306879742046341,0.2883816045871694
CCNU,D008130,22,8,0.364,2.38,0.04727432703602515,0.2883816045871694
bendrofluazide,D001539,8,4,0.5,4.17,0.050522227484854035,0.2883816045871694
levetiracetam,C026098,8,4,0.5,4.17,0.050522227484854035,0.2883816045871694
Isradipine,D017275,5,3,0.6,6.25,0.05306879742046341,0.2883816045871694
CPDD,C034868,5,3,0.6,6.25,0.05306879742046341,0.2883816045871694
NSAID,D000894,5,3,0.6,6.25,0.05306879742046341,0.2883816045871694
gamma-vinyl GABA,D020888,19,7,0.368,2.43,0.05798476666074653,0.3126717033014101
HBsAg,D006514,23,8,0.348,2.23,0.060590975898596695,0.32423110003752886
Clomipramine,D002997,12,5,0.417,2.98,0.06424102344606487,0.34115876845220816
risperidone,D018967,36,11,0.306,1.84,0.07321757661837493,0.3859061745073746
Gemcitabine,C056507,20,7,0.35,2.25,0.07482139523786656,0.39141640344585416
lithium carbonate,D016651,9,4,0.444,3.34,0.07732247362601409,0.3985518677340873
Anti-thyroid drugs,D013956,9,4,0.444,3.34,0.07732247362601409,0.3985518677340873
cephalothin,D002512,6,3,0.5,4.17,0.09109401744000868,0.4228934187115635
BCNU,D002330,13,5,0.385,2.61,0.08828818469377453,0.4228934187115635
beta-adrenergic blocking drugs,D000319,6,3,0.5,4.17,0.09109401744000868,0.4228934187115635
fenfluramines,D005277,6,3,0.5,4.17,0.09109401744000868,0.4228934187115635
hexafluorodiethyl ether,D005481,6,3,0.5,4.17,0.09109401744000868,0.4228934187115635
bicuculline,D001640,6,3,0.5,4.17,0.09109401744000868,0.4228934187115635
Flurbiprofen,D005480,6,3,0.5,4.17,0.09109401744000868,0.4228934187115635
BaCl2,C024986,6,3,0.5,4.17,0.09109401744000868,0.4228934187115635
cefazedone,C021341,6,3,0.5,4.17,0.09109401744000868,0.4228934187115635
ropivacaine,C037663,6,3,0.5,4.17,0.09109401744000868,0.4228934187115635
cefonicid,D015790,6,3,0.5,4.17,0.09109401744000868,0.4228934187115635
lead,D007854,6,3,0.5,4.17,0.09109401744000868,0.4228934187115635
clonidine,D003000,37,11,0.297,1.77,0.08672189988205171,0.4228934187115635
Calcitriol,D002117,13,5,0.385,2.61,0.08828818469377453,0.4228934187115635
alkali,D000468,6,3,0.5,4.17,0.09109401744000868,0.4228934187115635
progesterone,D011374,46,13,0.283,1.64,0.09330554842920283,0.42749797025406
vinorelbine,C030852,17,6,0.353,2.27,0.09293002130569025,0.42749797025406
methadone,D008691,21,7,0.333,2.09,0.09422272767230838,0.42889696167719593
phenytoin,D010672,42,12,0.286,1.67,0.09746225889511832,0.43795540695819196
bupivacaine,D002045,55,15,0.273,1.57,0.09717277447271133,0.43795540695819196
clomiphene,D002996,10,4,0.4,2.78,0.1097471234650812,0.4778430655218753
amoxicillin,D000658,10,4,0.4,2.78,0.1097471234650812,0.4778430655218753
salbutamol,D000420,10,4,0.4,2.78,0.1097471234650812,0.4778430655218753
LiCl,D018021,10,4,0.4,2.78,0.1097471234650812,0.4778430655218753
tiapride,D063325,10,4,0.4,2.78,0.1097471234650812,0.4778430655218753
theophylline,D013806,18,6,0.333,2.09,0.11754323614102516,0.4934000511069379
levofloxacin,D064704,14,5,0.357,2.32,0.11630491740099794,0.4934000511069379
cimetidine,D002927,18,6,0.333,2.09,0.11754323614102516,0.4934000511069379
cisapride,D020117,18,6,0.333,2.09,0.11754323614102516,0.4934000511069379
naproxen,D009288,14,5,0.357,2.32,0.11630491740099794,0.4934000511069379
levobupivacaine,C476513,14,5,0.357,2.32,0.11630491740099794,0.4934000511069379
folinic acid,D002955,35,10,0.286,1.67,0.12365371676639131,0.5159598538883352
diisopropylfluorophosphate,D007531,7,3,0.429,3.13,0.13709787003449772,0.5519942212099664
azole,D001393,7,3,0.429,3.13,0.13709787003449772,0.5519942212099664
nitroglycerin,D005996,40,11,0.275,1.58,0.13572173196343665,0.5519942212099664
amphetamine,D000661,67,17,0.254,1.42,0.1378016957371528,0.5519942212099664
pergolide,D010479,7,3,0.429,3.13,0.13709787003449772,0.5519942212099664
neostigmine,D009388,7,3,0.429,3.13,0.13709787003449772,0.5519942212099664
alendronate,D019386,7,3,0.429,3.13,0.13709787003449772,0.5519942212099664
nelarabine,C104457,11,4,0.364,2.38,0.14710791201304377,0.5729035906730204
capecitabine,C110904,19,6,0.316,1.92,0.14503176051653835,0.5729035906730204
Clarithromycin,D017291,11,4,0.364,2.38,0.14710791201304377,0.5729035906730204
octreotide,D015282,11,4,0.364,2.38,0.14710791201304377,0.5729035906730204
indinavir,D019469,11,4,0.364,2.38,0.14710791201304377,0.5729035906730204
quinine,D011803,28,8,0.286,1.67,0.1587422886933531,0.6147974827295056
verapamil,D014700,55,14,0.255,1.42,0.16380795167903853,0.6309306270714616
dobutamine,D004280,42,11,0.262,1.48,0.17513120872529175,0.6672118332414648
tobramycin,D014031,20,6,0.3,1.79,0.1751219170645406,0.6672118332414648
lisinopril,D017706,16,5,0.312,1.9,0.18273774897419556,0.6887051722091994
ACE inhibitors,D000806,16,5,0.312,1.9,0.18273774897419556,0.6887051722091994
"N10-propargyl-5,8-dideazafolic acid",C031662,8,3,0.375,2.5,0.18904325556428392,0.6902048028675157
fluvastatin,C065180,12,4,0.333,2.08,0.18854135629653312,0.6902048028675157
aminophylline,D000628,8,3,0.375,2.5,0.18904325556428392,0.6902048028675157
omeprazole,D009853,12,4,0.333,2.08,0.18854135629653312,0.6902048028675157
mepivacaine,D008619,8,3,0.375,2.5,0.18904325556428392,0.6902048028675157
biperiden,D001712,8,3,0.375,2.5,0.18904325556428392,0.6902048028675157
desferrioxamine,D003676,25,7,0.28,1.62,0.1954658582612807,0.7099563038401958
alprazolam,D000525,21,6,0.286,1.67,0.20748159282143325,0.7497144152980655
Warfarin,D014859,86,20,0.233,1.26,0.21422592677146404,0.7701147418810067
Low-molecular-weight heparin,D006495,5,2,0.4,2.78,0.2495812784013696,0.7916582631645253
neuroleptic drugs,D014150,9,3,0.333,2.08,0.24490364653341873,0.7916582631645253
serotonin reuptake inhibitors,D017367,5,2,0.4,2.78,0.2495812784013696,0.7916582631645253
Carmofur,C017367,9,3,0.333,2.08,0.24490364653341873,0.7916582631645253
tenofovir disoproxil fumarate,C418563,9,3,0.333,2.08,0.24490364653341873,0.7916582631645253
ethinyl estradiol,D004997,13,4,0.308,1.85,0.23309832145331472,0.7916582631645253
diazinon,D003976,5,2,0.4,2.78,0.2495812784013696,0.7916582631645253
Topotecan,D019772,5,2,0.4,2.78,0.2495812784013696,0.7916582631645253
MFL,C085788,5,2,0.4,2.78,0.2495812784013696,0.7916582631645253
etoricoxib,C422649,5,2,0.4,2.78,0.2495812784013696,0.7916582631645253
metoclopramide,D008787,9,3,0.333,2.08,0.24490364653341873,0.7916582631645253
Simvastatin-ezetimibe,C492458,5,2,0.4,2.78,0.2495812784013696,0.7916582631645253
netilmicin,D009428,5,2,0.4,2.78,0.2495812784013696,0.7916582631645253
thiabendazole,D013827,5,2,0.4,2.78,0.2495812784013696,0.7916582631645253
metolachlor,C051786,5,2,0.4,2.78,0.2495812784013696,0.7916582631645253
cyproterone acetate,D017373,9,3,0.333,2.08,0.24490364653341873,0.7916582631645253
epirubicine,D015251,9,3,0.333,2.08,0.24490364653341873,0.7916582631645253
Busulfan,D002066,9,3,0.333,2.08,0.24490364653341873,0.7916582631645253
5-azacytidine,D001374,5,2,0.4,2.78,0.2495812784013696,0.7916582631645253
methoxyflurane,D008733,5,2,0.4,2.78,0.2495812784013696,0.7916582631645253
alfentanil,D015760,9,3,0.333,2.08,0.24490364653341873,0.7916582631645253
Prazosin,D011224,9,3,0.333,2.08,0.24490364653341873,0.7916582631645253
Linezolid,C098010,5,2,0.4,2.78,0.2495812784013696,0.7916582631645253
terbutaline,D013726,13,4,0.308,1.85,0.23309832145331472,0.7916582631645253
ketamine,D007649,40,10,0.25,1.39,0.23430114745155717,0.7916582631645253
amikacin,D000583,13,4,0.308,1.85,0.23309832145331472,0.7916582631645253
isoflurane,D007530,27,7,0.259,1.46,0.2574645997775075,0.8093393921257075
olanzapine,C076029,27,7,0.259,1.46,0.2574645997775075,0.8093393921257075
amitriptyline,D000639,18,5,0.278,1.6,0.25962471218032185,0.812486264457168
Pethidine,D008614,23,6,0.261,1.47,0.27749294160248505,0.8645446758370756
MPTP,D015632,19,5,0.263,1.49,0.3005507663459586,0.9310628831780704
carbon tetrachloride,D002251,10,3,0.3,1.79,0.30282787070556355,0.9310628831780704
fluocinolone acetonide,D005446,10,3,0.3,1.79,0.30282787070556355,0.9310628831780704
interferon-alpha,D016898,6,2,0.333,2.08,0.32882490888205035,0.976721445450497
ritodrine,D012312,6,2,0.333,2.08,0.32882490888205035,0.976721445450497
Zolmitriptan,C089750,6,2,0.333,2.08,0.32882490888205035,0.976721445450497
fluvoxamine,D016666,6,2,0.333,2.08,0.32882490888205035,0.976721445450497
papaverine,D010208,6,2,0.333,2.08,0.32882490888205035,0.976721445450497
droperidol,D004329,6,2,0.333,2.08,0.32882490888205035,0.976721445450497
ketoprofen,D007660,6,2,0.333,2.08,0.32882490888205035,0.976721445450497
Flumazenil,D005442,15,4,0.267,1.52,0.32776987023513104,0.976721445450497
raloxifene,D020849,10,2,0.2,1.04,0.6045165382688173,1.0
sirolimus,D020123,83,10,0.12,0.57,0.972204403566694,1.0
nicorandil,D020108,5,0,0.0,0.0,1.0,1.0
nevirapine,D019829,9,1,0.111,0.52,0.8558236826004804,1.0
statin,D019821,41,8,0.195,1.01,0.5525950663291445,1.0
Dup 753,D019808,24,1,0.042,0.18,0.9942998905584661,1.0
fluorescein,D019793,16,1,0.062,0.28,0.9680598245217402,1.0
zinc acetate,D019345,10,0,0.0,0.0,1.0,1.0
lactate,D019344,47,0,0.0,0.0,1.0,1.0
acetic acid,D019342,6,0,0.0,0.0,1.0,1.0
aluminum chloride,C010845,5,0,0.0,0.0,1.0,1.0
Adriamycinol,C010013,19,0,0.0,0.0,1.0,1.0
adriamycinone,C010012,14,0,0.0,0.0,1.0,1.0
triphenyl tetrazolium chloride,C009591,19,0,0.0,0.0,1.0,1.0
sevoflurane,C009250,18,0,0.0,0.0,1.0,1.0
retinyl acetate,C009166,6,0,0.0,0.0,1.0,1.0
fucoidan,C007789,9,2,0.222,1.19,0.5441788047561663,1.0
fluorocitrate,C007744,6,0,0.0,0.0,1.0,1.0
dihydrouracil,C007419,6,0,0.0,0.0,1.0,1.0
Hydroxytyrosol,C005975,6,0,0.0,0.0,1.0,1.0
benzoylecgonine,C005618,14,2,0.143,0.69,0.7855914312436039,1.0
L-DOPA/benserazide,C005177,5,1,0.2,1.04,0.6589770232892,1.0
Chloroacetaldehyde,C004656,7,2,0.286,1.67,0.4055157244210713,1.0
testosterone heptylate,C004648,8,0,0.0,0.0,1.0,1.0
clozapine,D003024,41,8,0.195,1.01,0.5525950663291445,1.0
zuclopenthixol,D003006,7,0,0.0,0.0,1.0,1.0
clonazepam,D002998,16,2,0.125,0.59,0.8452550594531723,1.0
Cisplatin,D002945,155,27,0.174,0.88,0.7596899033374666,1.0
Cr,D002857,8,0,0.0,0.0,1.0,1.0
choline,D002794,8,1,0.125,0.6,0.8211964739511123,1.0
cholesterol,D002784,30,3,0.1,0.46,0.947789194008525,1.0
chlorthalidone,D002752,8,2,0.25,1.39,0.4776732140400005,1.0
chlorpromazine,D002746,14,2,0.143,0.69,0.7855914312436039,1.0
chlorpheniramine,D002744,6,0,0.0,0.0,1.0,1.0
daunorubicin,D003630,16,4,0.25,1.39,0.37611391065544314,1.0
Actomycin-D,D003609,8,0,0.0,0.0,1.0,1.0
dacarbazine,D003606,5,1,0.2,1.04,0.6589770232892,1.0
cycloheximide,D003513,8,2,0.25,1.39,0.4776732140400005,1.0
nondepolarizing neuromuscular blocking agents,D003473,7,2,0.286,1.67,0.4055157244210713,1.0
creatinine,D003404,206,0,0.0,0.0,1.0,1.0
creatine,D003401,89,1,0.011,0.05,0.9999999954371169,1.0
corticosterone,D003345,10,0,0.0,0.0,1.0,1.0
copper,D003300,12,0,0.0,0.0,1.0,1.0
cobalt,D003035,5,1,0.2,1.04,0.6589770232892,1.0
chlormethiazole,D002719,8,2,0.25,1.39,0.4776732140400005,1.0
Cl,D002713,6,0,0.0,0.0,1.0,1.0
chloride,D002712,8,0,0.0,0.0,1.0,1.0
chloramphenicol,D002701,10,2,0.2,1.04,0.6045165382688173,1.0
chlorambucil,D002699,7,0,0.0,0.0,1.0,1.0
chloralose,D002698,5,0,0.0,0.0,1.0,1.0
cephalosporins,D002511,22,0,0.0,0.0,1.0,1.0
cephalexin,D002506,7,2,0.286,1.67,0.4055157244210713,1.0
catecholamines,D002395,51,0,0.0,0.0,1.0,1.0
carotenoids,D002338,5,0,0.0,0.0,1.0,1.0
carbon dioxide,D002245,13,1,0.077,0.35,0.9390602755032137,1.0
fat,D004041,5,1,0.2,1.04,0.6589770232892,1.0
diclofenac sodium,D004008,24,3,0.125,0.59,0.870483127319513,1.0
dibucaine,D003992,5,0,0.0,0.0,1.0,1.0
diazepam,D003975,80,8,0.1,0.46,0.9924325728923983,1.0
diatrizoate,D003973,6,0,0.0,0.0,1.0,1.0
heroine,D003932,23,3,0.13,0.62,0.8504585747222875,1.0
dextromethorphan,D003915,10,1,0.1,0.46,0.8837466986373318,1.0
d-amphetamine,D003913,12,2,0.167,0.83,0.7065414904325631,1.0
dextran,D003911,6,0,0.0,0.0,1.0,1.0
deoxycorticosterone,D003900,7,1,0.143,0.69,0.7782560664622232,1.0
debrisoquine,D003647,7,0,0.0,0.0,1.0,1.0
dothiepin hydrochloride,D004308,7,1,0.143,0.69,0.7782560664622232,1.0
dopamine,D004298,180,1,0.006,0.02,1.0,1.0
domperidone,D004294,6,1,0.167,0.83,0.7250074461706302,1.0
diuretic,D004232,5,1,0.2,1.04,0.6589770232892,1.0
Metamizol,D004177,7,0,0.0,0.0,1.0,1.0
dipyridamole,D004176,26,4,0.154,0.76,0.7697407786350018,1.0
bisphosphonate,D004164,7,0,0.0,0.0,1.0,1.0
diphenhydramine,D004155,13,0,0.0,0.0,1.0,1.0
dimethyl sulphoxide,D004121,5,0,0.0,0.0,1.0,1.0
Succimer,D004113,5,1,0.2,1.04,0.6589770232892,1.0
diltiazem,D004110,54,9,0.167,0.83,0.7432630513165677,1.0
digoxin,D004077,14,2,0.143,0.69,0.7855914312436039,1.0
digitalis glycosides,D004071,6,1,0.167,0.83,0.7250074461706302,1.0
MK-486,D002230,9,0,0.0,0.0,1.0,1.0
carbenicillin,D002228,7,1,0.143,0.69,0.7782560664622232,1.0
Captopril,D002216,21,1,0.048,0.21,0.9891206691802552,1.0
cannabis,D002188,8,0,0.0,0.0,1.0,1.0
calcium gluconate,D002125,11,0,0.0,0.0,1.0,1.0
calcium chloride,D002122,20,2,0.1,0.46,0.9216293251592278,1.0
Calcium,D002118,215,3,0.014,0.06,1.0,1.0
butylated hydroxyanisole,D002083,6,1,0.167,0.83,0.7250074461706302,1.0
Evans Blue,D005070,6,0,0.0,0.0,1.0,1.0
Etoposide,D005047,42,9,0.214,1.14,0.4270629048094184,1.0
WR-2721,D004999,7,0,0.0,0.0,1.0,1.0
estrogen,D004967,78,13,0.167,0.83,0.768242317210102,1.0
17beta-estradiol,D004958,26,6,0.231,1.25,0.38972569100097,1.0
erythromycins,D004917,27,6,0.222,1.19,0.42751457420767364,1.0
ergotamine,D004878,9,0,0.0,0.0,1.0,1.0
epinephrine,D004837,109,20,0.183,0.94,0.6433593834733876,1.0
ephedrine,D004809,13,1,0.077,0.35,0.9390602755032137,1.0
enflurane,D004737,12,3,0.25,1.39,0.41878335485483337,1.0
enalapril,D004656,15,1,0.067,0.3,0.9603845267049547,1.0
Chinese herbal,D004365,5,1,0.2,1.04,0.6589770232892,1.0
bumetanide,D002034,7,0,0.0,0.0,1.0,1.0
bromocriptine,D001971,42,5,0.119,0.56,0.9298712895374989,1.0
bradykinin,D001920,12,0,0.0,0.0,1.0,1.0
blood nitrogen urea,D001806,30,0,0.0,0.0,1.0,1.0
bleomycin,D001761,12,3,0.25,1.39,0.41878335485483337,1.0
biotin,D001710,5,0,0.0,0.0,1.0,1.0
bilirubin,D001663,75,0,0.0,0.0,1.0,1.0
benzodiazepines,D001569,39,4,0.103,0.48,0.9594251887805161,1.0
benserazide,D001545,6,0,0.0,0.0,1.0,1.0
GABA,D005680,44,0,0.0,0.0,1.0,1.0
furosemide,D005665,48,5,0.104,0.48,0.9686505972607405,1.0
folate,D005492,37,2,0.054,0.24,0.9965751669169594,1.0
flurazepam,D005479,7,1,0.143,0.69,0.7782560664622232,1.0
fluoroacetate,D005463,6,0,0.0,0.0,1.0,1.0
flecainide,D005424,5,1,0.2,1.04,0.6589770232892,1.0
flavonoids,D005419,9,1,0.111,0.52,0.8558236826004804,1.0
fatty acids,D005227,10,0,0.0,0.0,1.0,1.0
guanosine,D006151,14,0,0.0,0.0,1.0,1.0
gold,D006046,10,2,0.2,1.04,0.6045165382688173,1.0
glycopyrrolate,D006024,10,2,0.2,1.04,0.6045165382688173,1.0
glycine,D005998,17,0,0.0,0.0,1.0,1.0
glycerin,D005990,12,0,0.0,0.0,1.0,1.0
glutathione,D005978,50,0,0.0,0.0,1.0,1.0
glucose,D005947,69,1,0.014,0.06,0.9999996548020132,1.0
glucaric acid,D005937,6,0,0.0,0.0,1.0,1.0
Glyburide,D005905,7,2,0.286,1.67,0.4055157244210713,1.0
Galanthamine hydrobromide,D005702,6,1,0.167,0.83,0.7250074461706302,1.0
galactose,D005690,5,1,0.2,1.04,0.6589770232892,1.0
galactosamine,D005688,5,1,0.2,1.04,0.6589770232892,1.0
gadolinium,D005682,9,0,0.0,0.0,1.0,1.0
ibuprofen,D007052,36,7,0.194,1.01,0.5615033335197224,1.0
hydroxyzine,D006919,5,0,0.0,0.0,1.0,1.0
5-HTP,D006916,9,0,0.0,0.0,1.0,1.0
halogenated hydroxyquinolines,D006912,9,0,0.0,0.0,1.0,1.0
hydroxychloroquine,D006886,13,2,0.154,0.76,0.7487328768975218,1.0
H2O2,D006861,9,0,0.0,0.0,1.0,1.0
H,D006859,10,0,0.0,0.0,1.0,1.0
cortisol,D006854,28,1,0.036,0.15,0.9975928660860437,1.0
histamine,D006632,18,0,0.0,0.0,1.0,1.0
hexamethylmelamine,D006585,5,0,0.0,0.0,1.0,1.0
halothane,D006221,26,5,0.192,0.99,0.5849500339447631,1.0
Barium,D001464,10,0,0.0,0.0,1.0,1.0
baclofen,D001418,14,1,0.071,0.32,0.9508655712154913,1.0
azathioprine,D001379,45,6,0.133,0.64,0.892082255294918,1.0
atropine,D001285,71,0,0.0,0.0,1.0,1.0
atenolol,D001262,7,0,0.0,0.0,1.0,1.0
aspirin,D001241,71,11,0.155,0.76,0.835446125709683,1.0
aspartate,D001224,76,0,0.0,0.0,1.0,1.0
Vitamin C,D001205,10,1,0.1,0.46,0.8837466986373318,1.0
arginine vasopressin,D001127,6,1,0.167,0.83,0.7250074461706302,1.0
apomorphine,D001058,57,11,0.193,1.0,0.5577133089948993,1.0
Antituberculosis,D000995,11,1,0.091,0.42,0.9062631883841042,1.0
antidepressant,D000928,37,2,0.054,0.24,0.9965751669169594,1.0
kainic acid,D007608,15,3,0.2,1.04,0.5775344709675042,1.0
isosorbide dinitrate,D007548,7,1,0.143,0.69,0.7782560664622232,1.0
isosorbide,D007547,6,0,0.0,0.0,1.0,1.0
iron,D007501,24,0,0.0,0.0,1.0,1.0
iohexol,D007472,8,2,0.25,1.39,0.4776732140400005,1.0
iodine,D007455,7,0,0.0,0.0,1.0,1.0
interferon,D007372,14,2,0.143,0.69,0.7855914312436039,1.0
imipramine,D007099,9,2,0.222,1.19,0.5441788047561663,1.0
anthraquinones,D000880,5,0,0.0,0.0,1.0,1.0
angiotensin,D000809,94,0,0.0,0.0,1.0,1.0
Angiotension II,D000804,60,0,0.0,0.0,1.0,1.0
androgen,D000728,19,3,0.158,0.78,0.7415267922272526,1.0
amsacrine,D000677,12,0,0.0,0.0,1.0,1.0
ampicillin,D000667,18,3,0.167,0.83,0.7060075507505946,1.0
amphotericin,D000666,27,6,0.222,1.19,0.42751457420767364,1.0
amphetamines,D000662,10,0,0.0,0.0,1.0,1.0
quaternary ammonium,D000644,9,0,0.0,0.0,1.0,1.0
ammonia,D000641,22,1,0.045,0.2,0.9912292712101317,1.0
malondialdehyde,D008315,26,1,0.038,0.17,0.9962957122123253,1.0
magnesium,D008274,36,1,0.028,0.12,0.9995710345686941,1.0
lovastatin,D008148,31,4,0.129,0.62,0.8765967597459218,1.0
lorazepam,D008140,9,1,0.111,0.52,0.8558236826004804,1.0
Alpha-lipoic acid,D008063,6,0,0.0,0.0,1.0,1.0
Lidocaine,D008012,86,14,0.163,0.81,0.8034663799733162,1.0
3-hydroxy-N-methylmorphinan,D007981,7,0,0.0,0.0,1.0,1.0
labetalol,D007741,22,5,0.227,1.23,0.4265018597776957,1.0
aminoglycosides,D000617,43,3,0.07,0.31,0.9939640464533651,1.0
aminocaproic acid,D000614,8,0,0.0,0.0,1.0,1.0
amino acid,D000596,17,0,0.0,0.0,1.0,1.0
amine,D000588,19,0,0.0,0.0,1.0,1.0
amiloride,D000584,9,0,0.0,0.0,1.0,1.0
difluoromethylornithine,D000518,5,0,0.0,0.0,1.0,1.0
alkylating agents,D000477,14,2,0.143,0.69,0.7855914312436039,1.0
aldosterone,D000450,25,0,0.0,0.0,1.0,1.0
ALCOHOL,D000431,104,10,0.096,0.44,0.9978555210031081,1.0
alanine,D000409,71,0,0.0,0.0,1.0,1.0
3-methoxy-4-hydroxyphenethyleneglycol,D008734,7,0,0.0,0.0,1.0,1.0
Methotrexate,D008727,85,17,0.2,1.04,0.4836584343335888,1.0
Methimazole,D008713,19,4,0.211,1.11,0.5165715962084184,1.0
methicillin,D008712,8,0,0.0,0.0,1.0,1.0
Metformin,D008687,23,2,0.087,0.4,0.953828736250997,1.0
Metallothionein,D008668,6,0,0.0,0.0,1.0,1.0
melphalan,D008558,12,1,0.083,0.38,0.924419706379699,1.0
mefenamic acid,D008528,11,3,0.273,1.56,0.3612228552152585,1.0
mannitol,D008353,20,1,0.05,0.22,0.9865053324394494,1.0
nafcillin,D009254,8,1,0.125,0.6,0.8211964739511123,1.0
ipratropium bromide,D009241,5,0,0.0,0.0,1.0,1.0
muscarine,D009116,5,0,0.0,0.0,1.0,1.0
mitoxantrone,D008942,11,1,0.091,0.42,0.9062631883841042,1.0
minoxidil,D008914,5,1,0.2,1.04,0.6589770232892,1.0
Minocycline,D008911,7,1,0.143,0.69,0.7782560664622232,1.0
midazolam,D008874,25,5,0.2,1.04,0.5474068910709569,1.0
mexiletine,D008801,8,2,0.25,1.39,0.4776732140400005,1.0
metoprolol,D008790,39,7,0.179,0.91,0.6516457071419544,1.0
methysergide,D008784,8,1,0.125,0.6,0.8211964739511123,1.0
methylprednisolone,D008775,63,12,0.19,0.98,0.57543625265645,1.0
methylphenidate,D008774,20,3,0.15,0.73,0.7735389791672531,1.0
methylergonovine,D008755,5,1,0.2,1.04,0.6589770232892,1.0
nitrite,D009573,11,0,0.0,0.0,1.0,1.0
NO,D009569,66,5,0.076,0.34,0.9978754155753179,1.0
nitrendipine,D009568,18,2,0.111,0.52,0.8894209749460537,1.0
nitrazepam,D009567,9,2,0.222,1.19,0.5441788047561663,1.0
nitrate,D009566,12,0,0.0,0.0,1.0,1.0
nimodipine,D009553,20,1,0.05,0.22,0.9865053324394494,1.0
nifedipine,D009543,40,6,0.15,0.73,0.813578397720886,1.0
niacinamide,D009536,5,0,0.0,0.0,1.0,1.0
niacin,D009525,8,1,0.125,0.6,0.8211964739511123,1.0
Naloxone,D009270,29,0,0.0,0.0,1.0,1.0
corticosteroids,D000305,69,7,0.101,0.47,0.9874059423149164,1.0
ATP,D000255,20,1,0.05,0.22,0.9865053324394494,1.0
AMP,D000249,5,0,0.0,0.0,1.0,1.0
ADP,D000244,19,0,0.0,0.0,1.0,1.0
cAMP,D000242,8,0,0.0,0.0,1.0,1.0
adenosine,D000241,39,0,0.0,0.0,1.0,1.0
acrolein,D000171,12,1,0.083,0.38,0.924419706379699,1.0
acetylcholine,D000109,68,1,0.015,0.06,0.9999995715097005,1.0
Acetazolamide,D000086,9,2,0.222,1.19,0.5441788047561663,1.0
aldehyde,D000079,9,0,0.0,0.0,1.0,1.0
garcinielliptone FC,C573355,5,0,0.0,0.0,1.0,1.0
simvastatin hydroxy acid,C532833,5,0,0.0,0.0,1.0,1.0
zopiclone,C515050,5,0,0.0,0.0,1.0,1.0
oxytocin,D010121,15,2,0.133,0.64,0.817600194363004,1.0
oxygen,D010100,93,1,0.011,0.04,0.9999999980806282,1.0
oxazepam,D010076,5,0,0.0,0.0,1.0,1.0
oxacillin,D010068,22,2,0.091,0.42,0.9448400265528483,1.0
orciprenaline,D009921,5,0,0.0,0.0,1.0,1.0
cyclic nucleotide,D009712,5,0,0.0,0.0,1.0,1.0
nucleotide,D009711,6,0,0.0,0.0,1.0,1.0
nucleoside,D009705,8,0,0.0,0.0,1.0,1.0
Aventyl,D009661,7,1,0.143,0.69,0.7782560664622232,1.0
norethisterone,D009640,6,0,0.0,0.0,1.0,1.0
norepinephrine,D009638,75,5,0.067,0.3,0.9995049805191414,1.0
nitrous oxide,D009609,8,0,0.0,0.0,1.0,1.0
nitrogen,D009584,5,0,0.0,0.0,1.0,1.0
phentolamine,D010646,5,1,0.2,1.04,0.6589770232892,1.0
phenothiazines,D010640,8,0,0.0,0.0,1.0,1.0
luminal,D010634,44,7,0.159,0.79,0.7745810629573396,1.0
phencyclidine,D010622,6,0,0.0,0.0,1.0,1.0
pentobarbital,D010424,16,2,0.125,0.59,0.8452550594531723,1.0
penicillins,D010406,44,1,0.023,0.1,0.9999236291090434,1.0
benzylpenicillin,D010400,7,2,0.286,1.67,0.4055157244210713,1.0
para-aminohippurate,D010130,5,0,0.0,0.0,1.0,1.0
ozone,D010126,5,1,0.2,1.04,0.6589770232892,1.0
IH636 grape seed proanthocyanidin extract,C511402,5,0,0.0,0.0,1.0,1.0
Idraparinux,C479958,5,0,0.0,0.0,1.0,1.0
sorafenib,C471405,9,2,0.222,1.19,0.5441788047561663,1.0
lenalidomide,C467567,17,3,0.176,0.89,0.6668552134194441,1.0
Ximelagatran,C426686,5,1,0.2,1.04,0.6589770232892,1.0
rosuvastatin,C422923,8,0,0.0,0.0,1.0,1.0
pegylated interferon,C417083,17,4,0.235,1.28,0.4241004568562752,1.0
atazanavir,C413408,8,2,0.25,1.39,0.4776732140400005,1.0
CNSB002,C401121,6,0,0.0,0.0,1.0,1.0
rofecoxib,C116926,7,2,0.286,1.67,0.4055157244210713,1.0
epipodophyllotoxin,D011034,6,0,0.0,0.0,1.0,1.0
platinum,D010984,23,0,0.0,0.0,1.0,1.0
extract of Daucus carota seeds,D010936,6,0,0.0,0.0,1.0,1.0
piroxicam,D010894,8,2,0.25,1.39,0.4776732140400005,1.0
Piracetam,D010889,5,0,0.0,0.0,1.0,1.0
piperacillin sodium,D010878,25,2,0.08,0.36,0.9677802324475002,1.0
physostigmine,D010830,12,3,0.25,1.39,0.41878335485483337,1.0
Organophosphate,D010755,15,0,0.0,0.0,1.0,1.0
phosphate,D010710,25,0,0.0,0.0,1.0,1.0
Phlorizin,D010695,5,0,0.0,0.0,1.0,1.0
Phenylephrine,D010656,37,5,0.135,0.65,0.8693701165746871,1.0
propranolol,D011433,85,11,0.129,0.62,0.9552282790262402,1.0
propafenone,D011405,13,3,0.231,1.25,0.47448886487528885,1.0
promethazine,D011398,5,0,0.0,0.0,1.0,1.0
progestagen,D011372,12,0,0.0,0.0,1.0,1.0
procyclidine,D011352,5,0,0.0,0.0,1.0,1.0
prochlorperazine,D011346,10,1,0.1,0.46,0.8837466986373318,1.0
Procainamide,D011342,10,1,0.1,0.46,0.8837466986373318,1.0
prednisone,D011241,45,6,0.133,0.64,0.892082255294918,1.0
prednisolone,D011239,19,4,0.211,1.11,0.5165715962084184,1.0
KCl,D011189,8,0,0.0,0.0,1.0,1.0
potassium,D011188,164,2,0.012,0.05,0.9999999999999841,1.0
polyethylene glycol 400,D011092,8,0,0.0,0.0,1.0,1.0
poly(ADP-ribose),D011064,5,0,0.0,0.0,1.0,1.0
N-terminal pro brain natriuretic peptide,C109794,5,0,0.0,0.0,1.0,1.0
ezetimibe,C108606,5,0,0.0,0.0,1.0,1.0
DFU,C106876,5,1,0.2,1.04,0.6589770232892,1.0
telithromycin,C106791,7,1,0.143,0.69,0.7782560664622232,1.0
celecoxib,C105934,8,1,0.125,0.6,0.8211964739511123,1.0
citrate,C102006,12,2,0.167,0.83,0.7065414904325631,1.0
efavirenz,C098320,9,0,0.0,0.0,1.0,1.0
"1,25-dihydroxyvitamin D",C097949,5,0,0.0,0.0,1.0,1.0
tenofovir,C096918,10,0,0.0,0.0,1.0,1.0
rizatriptan,C093622,9,2,0.222,1.19,0.5441788047561663,1.0
PO2,C093415,8,0,0.0,0.0,1.0,1.0
riboflavin,D012256,9,1,0.111,0.52,0.8558236826004804,1.0
ribavirin,D012254,55,9,0.164,0.81,0.7632747374280129,1.0
Ranitidine,D011899,11,1,0.091,0.42,0.9062631883841042,1.0
Quinidine,D011802,17,1,0.059,0.26,0.9742484569549112,1.0
pyrrolidinone,D011760,7,0,0.0,0.0,1.0,1.0
pyridoxine,D011736,6,0,0.0,0.0,1.0,1.0
purine,D011687,11,0,0.0,0.0,1.0,1.0
protamine sulfate,D011479,6,0,0.0,0.0,1.0,1.0
prostacyclin,D011464,12,0,0.0,0.0,1.0,1.0
prostaglandins,D011453,39,0,0.0,0.0,1.0,1.0
sucralfate,D013392,6,1,0.167,0.83,0.7250074461706302,1.0
steroid,D013256,144,2,0.014,0.06,0.9999999999989171,1.0
Spironolactone,D013148,20,3,0.15,0.73,0.7735389791672531,1.0
sparteine,D013034,7,0,0.0,0.0,1.0,1.0
"d,l-sotalol",D013015,18,4,0.222,1.19,0.4710935267636903,1.0
Sodium chloride,D012965,10,0,0.0,0.0,1.0,1.0
sodium,D012964,96,0,0.0,0.0,1.0,1.0
silver,D012834,5,0,0.0,0.0,1.0,1.0
serotonin,D012701,119,1,0.008,0.03,0.9999999999931439,1.0
salicylate,D012459,9,0,0.0,0.0,1.0,1.0
ruthenium,D012428,6,0,0.0,0.0,1.0,1.0
ziprasidone,C092292,7,1,0.143,0.69,0.7782560664622232,1.0
Piperacillin/tazobactam,C085143,13,3,0.231,1.25,0.47448886487528885,1.0
Ethopropazine,C084820,5,0,0.0,0.0,1.0,1.0
Valsartan,C081489,5,1,0.2,1.04,0.6589770232892,1.0
Irbesartan,C081309,5,0,0.0,0.0,1.0,1.0
8-aminoquinoline,C080436,7,0,0.0,0.0,1.0,1.0
des Arg10 HOE 140,C078665,5,0,0.0,0.0,1.0,1.0
sodium 4-phenylbutyrate,C075773,5,0,0.0,0.0,1.0,1.0
Remifentanil,C071741,7,1,0.143,0.69,0.7782560664622232,1.0
quetiapine,C069541,22,4,0.182,0.93,0.6403217834231447,1.0
thallium,D013793,6,0,0.0,0.0,1.0,1.0
Testosterone,D013739,30,5,0.167,0.83,0.7162807291988105,1.0
temazepam,D013693,5,0,0.0,0.0,1.0,1.0
suprofen,D013496,8,2,0.25,1.39,0.4776732140400005,1.0
superoxide,D013481,35,0,0.0,0.0,1.0,1.0
sulindac,D013467,10,2,0.2,1.04,0.6045165382688173,1.0
thiol,D013438,10,0,0.0,0.0,1.0,1.0
sulfamethoxazole,D013420,5,0,0.0,0.0,1.0,1.0
sulfadiazine,D013411,7,2,0.286,1.67,0.4055157244210713,1.0
tranexamic acid,D014148,36,7,0.194,1.01,0.5615033335197224,1.0
Thyroxine,D013974,27,1,0.037,0.16,0.9970138904568745,1.0
thymidine,D013936,7,0,0.0,0.0,1.0,1.0
Mellaril,D013881,7,2,0.286,1.67,0.4055157244210713,1.0
sodium pentothal,D013874,25,6,0.24,1.32,0.3518807431983372,1.0
thiotepa,D013852,10,2,0.2,1.04,0.6045165382688173,1.0
thiamine,D013831,18,1,0.056,0.24,0.9792383088377853,1.0
cocaethylene,C066444,7,1,0.143,0.69,0.7782560664622232,1.0
Hoe-140,C065679,6,0,0.0,0.0,1.0,1.0
atorvastatin,C065179,10,0,0.0,0.0,1.0,1.0
pantoprazole,C064276,5,0,0.0,0.0,1.0,1.0
"ifosfamide, vincristine, and dactinomycin",C064227,8,0,0.0,0.0,1.0,1.0
oxazolidine,C064210,5,0,0.0,0.0,1.0,1.0
rocuronium,C061870,5,0,0.0,0.0,1.0,1.0
cidofovir,C059262,14,2,0.143,0.69,0.7855914312436039,1.0
Temocapril,C055603,6,0,0.0,0.0,1.0,1.0
clopidogrel,C055162,9,1,0.111,0.52,0.8558236826004804,1.0
Rosen's T5 or T10 protocol,C053519,5,0,0.0,0.0,1.0,1.0
topiramate,C052342,7,1,0.143,0.69,0.7782560664622232,1.0
ursodeoxycholic acid,D014580,8,0,0.0,0.0,1.0,1.0
uridine diphosphate,D014530,5,0,0.0,0.0,1.0,1.0
uridine,D014529,5,0,0.0,0.0,1.0,1.0
uric acid salts,D014527,23,0,0.0,0.0,1.0,1.0
urethane,D014520,7,0,0.0,0.0,1.0,1.0
urea,D014508,62,0,0.0,0.0,1.0,1.0
tyrosine,D014443,28,0,0.0,0.0,1.0,1.0
d-tubocurarine,D014403,11,1,0.091,0.42,0.9062631883841042,1.0
tryptophan,D014364,5,0,0.0,0.0,1.0,1.0
trimethoprim,D014295,12,2,0.167,0.83,0.7065414904325631,1.0
tri-iodo-thyronine,D014284,6,0,0.0,0.0,1.0,1.0
trihexyphenidyl,D014282,7,2,0.286,1.67,0.4055157244210713,1.0
triglycerides,D014280,28,0,0.0,0.0,1.0,1.0
trifluoroacetyl,D014269,6,0,0.0,0.0,1.0,1.0
triamcinolone,D014221,14,3,0.214,1.14,0.5275815508210293,1.0
"3,4-dihydroxyphenylacetic acid",D015102,13,0,0.0,0.0,1.0,1.0
mesna,D015080,29,2,0.069,0.31,0.984523941398747,1.0
zinc,D015032,6,0,0.0,0.0,1.0,1.0
yohimbine,D015016,16,1,0.062,0.28,0.9680598245217402,1.0
xylazine,D014991,5,0,0.0,0.0,1.0,1.0
vitamin K,D014812,7,0,0.0,0.0,1.0,1.0
vitamin E,D014810,13,1,0.077,0.35,0.9390602755032137,1.0
vitamin D,D014807,16,0,0.0,0.0,1.0,1.0
vinca alkaloid,D014748,12,3,0.25,1.39,0.41878335485483337,1.0
vecuronium bromide,D014673,8,1,0.125,0.6,0.8211964739511123,1.0
vasopressin,D014667,11,1,0.091,0.42,0.9062631883841042,1.0
vancomycin,D014640,33,7,0.212,1.12,0.462141301636353,1.0
22-oxacalcitriol,C051883,7,2,0.286,1.67,0.4055157244210713,1.0
N(6)-cyclopentyl adenosine,C048599,6,0,0.0,0.0,1.0,1.0
cabergoline,C047047,6,0,0.0,0.0,1.0,1.0
benazapril,C044946,7,2,0.286,1.67,0.4055157244210713,1.0
iodixanol,C044834,5,1,0.2,1.04,0.6589770232892,1.0
tazobactam,C043265,8,0,0.0,0.0,1.0,1.0
Carvedilol,C043211,9,0,0.0,0.0,1.0,1.0
terbinafine,C041359,6,1,0.167,0.83,0.7250074461706302,1.0
dihydropyridine,C038806,15,0,0.0,0.0,1.0,1.0
iopromide,C038192,5,1,0.2,1.04,0.6589770232892,1.0
benzamide,C037689,7,0,0.0,0.0,1.0,1.0
nisoldipine,D015737,13,0,0.0,0.0,1.0,1.0
Fluconazole,D015725,13,3,0.231,1.25,0.47448886487528885,1.0
co-trimoxazole,D015662,22,5,0.227,1.23,0.4265018597776957,1.0
quinolones,D015363,12,0,0.0,0.0,1.0,1.0
citalopram,D015283,16,2,0.125,0.59,0.8452550594531723,1.0
gemfibrozil,D015248,10,2,0.2,1.04,0.6045165382688173,1.0
prostaglandin F2 alpha,D015237,12,1,0.083,0.38,0.924419706379699,1.0
Prostaglandin E2,D015232,16,4,0.25,1.39,0.37611391065544314,1.0
"5,7-dihydroxytryptamine",D015116,5,0,0.0,0.0,1.0,1.0
6-hydroxydopamine,D016627,13,1,0.077,0.35,0.9390602755032137,1.0
misoprostol,D016595,6,1,0.167,0.83,0.7250074461706302,1.0
crack cocaine,D016578,8,2,0.25,1.39,0.4776732140400005,1.0
cyclosporin,D016572,95,20,0.211,1.11,0.37700787290270615,1.0
dizocilpine maleate,D016291,33,2,0.061,0.27,0.9926762824752174,1.0
NMDA,D016202,64,0,0.0,0.0,1.0,1.0
didanosine,D016049,17,4,0.235,1.28,0.4241004568562752,1.0
ganciclovir,D015774,11,0,0.0,0.0,1.0,1.0
4-aminopyridine,D015761,10,0,0.0,0.0,1.0,1.0
aniracetam,C036466,5,0,0.0,0.0,1.0,1.0
biperiden lactate,C036432,5,0,0.0,0.0,1.0,1.0
desmethylfluoxetine,C036139,5,0,0.0,0.0,1.0,1.0
bendazac lysine,C036067,8,0,0.0,0.0,1.0,1.0
mirtazapine,C035133,7,1,0.143,0.69,0.7782560664622232,1.0
Benzylacyclouridine,C034753,5,0,0.0,0.0,1.0,1.0
alpha-fluoro-beta-alanine,C032348,6,0,0.0,0.0,1.0,1.0
barbiturate,C032232,6,0,0.0,0.0,1.0,1.0
argatroban,C031942,26,3,0.115,0.54,0.9035352758310793,1.0
phenylhydrazine,C030299,6,0,0.0,0.0,1.0,1.0
triamcinolone diacetate,C030262,7,1,0.143,0.69,0.7782560664622232,1.0
thiobarbituric acid,C029684,5,0,0.0,0.0,1.0,1.0
crocin,C029036,6,0,0.0,0.0,1.0,1.0
daptomycin,D017576,8,0,0.0,0.0,1.0,1.0
paroxetine,D017374,33,5,0.152,0.74,0.793361070251529,1.0
bisoprolol,D017298,6,0,0.0,0.0,1.0,1.0
ramipril,D017257,6,1,0.167,0.83,0.7250074461706302,1.0
pravastatin,D017035,22,1,0.045,0.2,0.9912292712101317,1.0
N(G)-nitro-L-arginine methyl ester,D019331,9,0,0.0,0.0,1.0,1.0
ZnSO(4),D019287,6,0,0.0,0.0,1.0,1.0
lamivudine,D019259,43,3,0.07,0.31,0.9939640464533651,1.0
quinpirole,D019257,5,1,0.2,1.04,0.6589770232892,1.0
beta-carotene,D019207,5,0,0.0,0.0,1.0,1.0
anthracycline,D018943,58,0,0.0,0.0,1.0,1.0
macrolide,D018942,13,0,0.0,0.0,1.0,1.0
hexamethonium,D018738,13,0,0.0,0.0,1.0,1.0
glutamate,D018698,64,0,0.0,0.0,1.0,1.0
sumatriptan,D018170,11,3,0.273,1.56,0.3612228552152585,1.0
d4T,D018119,9,1,0.111,0.52,0.8558236826004804,1.0
Sodium bicarbonate,D017693,14,2,0.143,0.69,0.7855914312436039,1.0
4'-0-tetrahydropyranyladriamycin,C027260,14,0,0.0,0.0,1.0,1.0
Viramidine,C026956,10,0,0.0,0.0,1.0,1.0
Naloxazone,C024224,6,0,0.0,0.0,1.0,1.0
zonisamide,C022189,6,1,0.167,0.83,0.7250074461706302,1.0
Pyrrolidine dithiocarbamate,C020972,5,0,0.0,0.0,1.0,1.0
dihydropyrimidine,C020047,6,0,0.0,0.0,1.0,1.0
pamidronate,C019248,11,1,0.091,0.42,0.9062631883841042,1.0
ammonium acetate,C018824,5,1,0.2,1.04,0.6589770232892,1.0
fluphenazine enanthate,C017610,5,1,0.2,1.04,0.6589770232892,1.0
nimesulide,C012655,7,2,0.286,1.67,0.4055157244210713,1.0
alpha-tocopherol,D024502,6,0,0.0,0.0,1.0,1.0
aristolochic acids,D034341,5,0,0.0,0.0,1.0,1.0
proanthocyanidins,D044945,5,0,0.0,0.0,1.0,1.0
beta lactam,D047090,11,0,0.0,0.0,1.0,1.0
thiazide,D049971,12,0,0.0,0.0,1.0,1.0
loop diuretic,D049994,7,0,0.0,0.0,1.0,1.0
aminoguanidine,C004479,6,0,0.0,0.0,1.0,1.0
norpethidine,C002752,16,1,0.062,0.28,0.9680598245217402,1.0
Dexrazoxane,D064730,9,0,0.0,0.0,1.0,1.0
methylprednisolone acetate,C000873,8,1,0.125,0.6,0.8211964739511123,1.0
